Condition,Strain,Dilution,Raw,CFU/g,Day,tnt.cnt.no.growth,Replicate,v,mode
21C,FSL R9-5515,5,799000000,2.66E+05,Inoculum,cnt,1,50,
21C,FSL R9-5258,5,801000000,2.67E+05,Inoculum,cnt,1,50,
21C,FSL R9-5517,5,833000000,2.78E+05,Inoculum,cnt,1,50,
21C,FSL R9-5271,5,680000000,2.27E+05,Inoculum,cnt,1,50,
21C,FSL R9-5516,5,671000000,2.24E+05,Inoculum,cnt,1,50,
21C,FSL R9-4077,5,695000000,2.32E+05,Inoculum,cnt,1,50,
21C,FSL R9-5515,1,11600,1.93E+05,0,cnt,1,50,
21C,FSL R9-5258,1,14200,2.37E+05,0,cnt,1,50,
21C,FSL R9-5517,1,17000,2.83E+05,0,cnt,1,50,
21C,FSL R9-5271,1,11900,1.98E+05,0,cnt,1,50,
21C,FSL R9-5516,1,22400,3.73E+05,0,cnt,1,50,
21C,FSL R9-4077,1,14500,2.42E+05,0,cnt,1,50,
21C,APC,0,650,1.08E+04,0,cnt,1,50,
21C,MacConkey,0,0,0.00E+00,0,cnt,1,50,
21C,FSL R9-5515,0,2850,4.75E+04,1,cnt,1,50,
21C,FSL R9-5258,0,5990,9.98E+04,1,cnt,1,50,
21C,FSL R9-5517,1,21000,3.50E+05,1,cnt,1,50,
21C,FSL R9-5271,0,8700,1.45E+05,1,cnt,1,50,
21C,FSL R9-5516,1,16000,2.67E+05,1,cnt,1,50,
21C,FSL R9-4077,0,18100,3.02E+05,1,cnt,1,50,
21C,APC,1,60100,1.00E+06,1,cnt,1,50,
21C,MacConkey,0,0,0.00E+00,1,cnt,1,50,checked
21C,FSL R9-5515,1,1200,2.00E+04,3,cnt,1,50,
21C,FSL R9-5258,1,5300,8.83E+04,3,cnt,1,50,
21C,FSL R9-5517,1,13200,2.20E+05,3,cnt,1,50,
21C,FSL R9-5271,0,10300,1.72E+05,3,cnt,1,50,
21C,FSL R9-5516,1,17900,2.98E+05,3,cnt,1,50,
21C,FSL R9-4077,1,1900,3.17E+04,3,cnt,1,50,
21C,APC,1,122000,2.03E+06,3,cnt,1,50,
21C,MacConkey,0,0,0.00E+00,3,cnt,1,50,
21C,FSL R9-5515,0,1080,1.80E+04,4,cnt,1,50,
21C,FSL R9-5258,1,3900,6.50E+04,4,cnt,1,50,
21C,FSL R9-5517,0,1210,2.02E+04,4,cnt,1,50,
21C,FSL R9-5271,1,2900,4.83E+04,4,cnt,1,50,
21C,FSL R9-5516,1,15900,2.65E+05,4,cnt,1,50,
21C,FSL R9-4077,1,10900,1.82E+05,4,cnt,1,50,
21C,APC,2,138000,2.30E+06,4,cnt,1,50,
21C,MacConkey,0,0,0.00E+00,4,cnt,1,50,
21C,FSL R9-5515,0,2180,3.63E+04,7,cnt,1,50,
21C,FSL R9-5258,0,2030,3.38E+04,7,cnt,1,50,
21C,FSL R9-5517,1,14000,2.33E+05,7,cnt,1,50,
21C,FSL R9-5271,1,8100,1.35E+05,7,cnt,1,50,
21C,FSL R9-5516,1,15900,2.65E+05,7,cnt,1,50,
21C,FSL R9-4077,1,12800,2.13E+05,7,cnt,1,50,
21C,APC,1,680000,1.13E+07,7,cnt,1,50,
21C,MacConkey,0,0,0.00E+00,7,cnt,1,50,
21C,FSL R9-5515,6,1050000000,3.50E+05,Inoculum,cnt,2,50,
21C,FSL R9-5258,6,1020000000,3.40E+05,Inoculum,cnt,2,50,
21C,FSL R9-5517,6,910000000,3.03E+05,Inoculum,cnt,2,50,
21C,FSL R9-5271,6,970000000,3.23E+05,Inoculum,cnt,2,50,
21C,FSL R9-5516,6,1090000000,3.63E+05,Inoculum,cnt,2,50,
21C,FSL R9-4077,6,800000000,2.67E+05,Inoculum,cnt,2,50,
21C,FSL R9-5515,0,1160,1.93E+04,0,cnt,2,50,
21C,FSL R9-5258,1,8400,1.40E+05,0,cnt,2,50,
21C,FSL R9-5517,0,3780,6.30E+04,0,cnt,2,50,
21C,FSL R9-5271,0,670,1.12E+04,0,cnt,2,50,
21C,FSL R9-5516,0,859,1.43E+04,0,cnt,2,50,
21C,FSL R9-4077,0,4280,7.13E+04,0,cnt,2,50,
21C,APC,0,0,0.00E+00,0,no.growth,2,50,
21C,MacConkey,0,0,0.00E+00,0,cnt,2,50,
21C,FSL R9-5515,0,7380,1.23E+05,1,cnt,2,50,
21C,FSL R9-5258,0,13100,2.18E+05,1,cnt,2,50,
21C,FSL R9-5517,1,14700,2.45E+05,1,cnt,2,50,
21C,FSL R9-5271,0,7330,1.22E+05,1,cnt,2,50,
21C,FSL R9-5516,0,17700,2.95E+05,1,cnt,2,50,
21C,FSL R9-4077,0,8440,1.41E+05,1,cnt,2,50,
21C,APC,0,50,8.33E+02,1,cnt,2,50,
21C,MacConkey,0,0,0.00E+00,1,cnt,2,50,
21C,FSL R9-5515,1,20100,3.35E+05,3,cnt,2,50,
21C,FSL R9-5258,1,18000,3.00E+05,3,cnt,2,100,
21C,FSL R9-5517,0,1370,2.28E+04,3,cnt,2,100,
21C,FSL R9-5271,0,3020,5.03E+04,3,cnt,2,100,
21C,FSL R9-5516,1,15700,2.62E+05,3,cnt,2,100,
21C,FSL R9-4077,0,9600,1.60E+05,3,cnt,2,100,
21C,APC,0,310,5.17E+03,3,cnt,2,100,
21C,MacConkey,0,0,0.00E+00,3,cnt,2,100,
21C,FSL R9-5515,1,12500,2.08E+05,4,cnt,2,50,
21C,FSL R9-5258,1,16500,2.75E+05,4,cnt,2,50,
21C,FSL R9-5517,1,6400,1.07E+05,4,cnt,2,50,
21C,FSL R9-5271,1,5000,8.33E+04,4,cnt,2,50,
21C,FSL R9-5516,1,13000,2.17E+05,4,cnt,2,50,
21C,FSL R9-4077,1,12200,2.03E+05,4,cnt,2,50,
21C,APC,0,909,1.52E+04,4,cnt,2,50,
21C,MacConkey,0,0,0.00E+00,4,cnt,2,50,
21C,FSL R9-5515,1,4100,6.83E+04,7,cnt,2,50,
21C,FSL R9-5258,1,12300,2.05E+05,7,cnt,2,50,
21C,FSL R9-5517,1,10300,1.72E+05,7,cnt,2,50,
21C,FSL R9-5271,1,2090,3.48E+04,7,cnt,2,50,
21C,FSL R9-5516,1,6000,1.00E+05,7,cnt,2,50,
21C,FSL R9-4077,1,1070,1.78E+04,7,cnt,2,50,
21C,APC,0,9880,1.65E+05,7,cnt,2,50,checked
21C,MacConkey,0,0,0.00E+00,7,cnt,2,50,
21C,FSL R9-5515,5,1020000000,3.40E+05,Inoculum,cnt,3,50,
21C,FSL R9-5258,5,1050000000,3.50E+05,Inoculum,cnt,3,50,
21C,FSL R9-5517,5,1050000000,3.50E+05,Inoculum,cnt,3,50,
21C,FSL R9-5271,5,1030000000,3.43E+05,Inoculum,cnt,3,50,
21C,FSL R9-5516,5,1310000000,4.37E+05,Inoculum,cnt,3,50,
21C,FSL R9-4077,5,878000000,2.93E+05,Inoculum,cnt,3,50,
21C,FSL R9-5515,0,2870,4.78E+04,0,cnt,3,50,
21C,FSL R9-5258,1,12400,2.07E+05,0,cnt,3,50,
21C,FSL R9-5517,1,10300,1.72E+05,0,cnt,3,50,
21C,FSL R9-5271,1,9900,1.65E+05,0,cnt,3,50,
21C,FSL R9-5516,1,10100,1.68E+05,0,cnt,3,50,
21C,FSL R9-4077,1,8800,1.47E+05,0,cnt,3,50,
21C,APC,0,2090,3.48E+04,0,cnt,3,50,
21C,MacConkey,0,0,0.00E+00,0,cnt,3,50,
21C,FSL R9-5515,1,10800,1.80E+05,1,cnt,3,50,
21C,FSL R9-5258,1,13900,2.32E+05,1,cnt,3,50,
21C,FSL R9-5517,1,10500,1.75E+05,1,cnt,3,50,
21C,FSL R9-5271,1,18600,3.10E+05,1,cnt,3,50,
21C,FSL R9-5516,1,14100,2.35E+05,1,cnt,3,50,
21C,FSL R9-4077,1,5000,8.33E+04,1,cnt,3,50,
21C,APC,1,7100,1.18E+05,1,cnt,3,50,
21C,MacConkey,0,0,0.00E+00,1,cnt,3,50,
21C,FSL R9-5515,1,5700,9.50E+04,3,cnt,3,50,
21C,FSL R9-5258,1,7800,1.30E+05,3,cnt,3,50,
21C,FSL R9-5517,1,10400,1.73E+05,3,cnt,3,50,
21C,FSL R9-5271,1,2200,3.67E+04,3,cnt,3,50,
21C,FSL R9-5516,1,17300,2.88E+05,3,cnt,3,50,
21C,FSL R9-4077,1,3900,6.50E+04,3,cnt,3,50,
21C,APC,1,20000,3.33E+05,3,cnt,3,50,checked
21C,MacConkey,0,0,0.00E+00,3,cnt,3,50,
21C,FSL R9-5515,1,11900,1.98E+05,4,cnt,3,50,
21C,FSL R9-5258,1,7200,1.20E+05,4,cnt,3,50,
21C,FSL R9-5517,1,5640,9.40E+04,4,cnt,3,50,
21C,FSL R9-5271,1,16600,2.77E+05,4,cnt,3,50,
21C,FSL R9-5516,1,11500,1.92E+05,4,cnt,3,50,
21C,FSL R9-4077,1,19800,3.30E+05,4,cnt,3,50,
21C,APC,1,21200,3.53E+05,4,cnt,3,50,
21C,MacConkey,0,0,0.00E+00,4,cnt,3,50,checked
21C,FSL R9-5515,1,2800,4.67E+04,7,cnt,3,50,
21C,FSL R9-5258,1,3700,6.17E+04,7,cnt,3,50,
21C,FSL R9-5517,1,5900,9.83E+04,7,cnt,3,50,
21C,FSL R9-5271,1,1600,2.67E+04,7,cnt,3,50,
21C,FSL R9-5516,1,5500,9.17E+04,7,cnt,3,50,
21C,FSL R9-4077,1,5800,9.67E+04,7,cnt,3,50,
21C,APC,1,13400,2.23E+05,7,cnt,3,50,
21C,MacConkey,0,0,0.00E+00,7,cnt,3,50,
Glyc,FSL R9-5515,6,650000000,2.17E+05,Inoculum,cnt,1,50,
Glyc,FSL R9-5258,6,910000000,3.03E+05,Inoculum,cnt,1,50,
Glyc,FSL R9-5517,5,71000000,2.37E+04,Inoculum,cnt,1,50,
Glyc,FSL R9-5271,5,237000000,7.90E+04,Inoculum,cnt,1,50,
Glyc,FSL R9-5516,,,,Inoculum,,1,50,
Glyc,FSL R9-4077,5,292000000,9.73E+04,Inoculum,cnt,1,50,
Glyc,FSL R9-5515,1,5700,9.50E+04,0,cnt,1,50,
Glyc,FSL R9-5258,1,11700,1.95E+05,0,cnt,1,50,
Glyc,FSL R9-5517,0,470,7.83E+03,0,cnt,1,50,
Glyc,FSL R9-5271,0,3540,5.90E+04,0,cnt,1,50,
Glyc,FSL R9-5516,,,,0,,1,50,
Glyc,FSL R9-4077,0,1260,2.10E+04,0,cnt,1,50,
Glyc,APC,1,10200,1.70E+05,0,cnt,1,50,checked
Glyc,MacConkey,0,0,0.00E+00,0,cnt,1,50,
Glyc,FSL R9-5515,0,2320,3.87E+04,1,cnt,1,50,
Glyc,FSL R9-5258,0,2940,4.90E+04,1,cnt,1,50,
Glyc,FSL R9-5517,0,940,1.57E+04,1,cnt,1,50,
Glyc,FSL R9-5271,0,900,1.50E+04,1,cnt,1,50,
Glyc,FSL R9-5516,,,,1,,1,50,
Glyc,FSL R9-4077,1,4400,7.33E+04,1,cnt,1,50,
Glyc,APC,0,8590,1.43E+05,1,cnt,1,50,
Glyc,MacConkey,0,0,0.00E+00,1,cnt,1,50,checked
Glyc,FSL R9-5515,1,3400,5.67E+04,3,cnt,1,50,
Glyc,FSL R9-5258,0,1700,2.83E+04,3,cnt,1,50,
Glyc,FSL R9-5517,0,210,3.50E+03,3,cnt,1,50,
Glyc,FSL R9-5271,0,300,5.00E+03,3,cnt,1,50,
Glyc,FSL R9-5516,,,,3,,1,50,
Glyc,FSL R9-4077,0,2200,3.67E+04,3,cnt,1,50,
Glyc,APC,1,252000,4.20E+06,3,cnt,1,50,
Glyc,MacConkey,0,0,0.00E+00,3,cnt,1,50,
Glyc,FSL R9-5515,0,710,1.18E+04,4,cnt,1,50,
Glyc,FSL R9-5258,0,180,3.00E+03,4,cnt,1,50,
Glyc,FSL R9-5517,0,220,3.67E+03,4,cnt,1,50,
Glyc,FSL R9-5271,0,170,2.83E+03,4,cnt,1,50,
Glyc,FSL R9-5516,,,,4,,1,50,
Glyc,FSL R9-4077,0,690,1.15E+04,4,cnt,1,50,
Glyc,APC,1,163000,2.72E+06,4,cnt,1,50,
Glyc,MacConkey,0,0,0.00E+00,4,cnt,1,50,
Glyc,FSL R9-5515,0,410,6.83E+03,7,cnt,1,50,
Glyc,FSL R9-5258,0,250,4.17E+03,7,cnt,1,50,
Glyc,FSL R9-5517,0,10,1.67E+02,7,cnt,1,50,
Glyc,FSL R9-5271,0,110,1.83E+03,7,cnt,1,50,
Glyc,FSL R9-5516,,,,7,,1,50,
Glyc,FSL R9-4077,0,1510,2.52E+04,7,cnt,1,50,
Glyc,APC,2,589000,9.82E+06,7,cnt,1,50,
Glyc,MacConkey,0,0,0.00E+00,7,cnt,1,50,
Glyc,FSL R9-5515,5,63000000,2.10E+04,Inoculum,cnt,2,50,
Glyc,FSL R9-5258,5,108000000,3.60E+04,Inoculum,cnt,2,50,
Glyc,FSL R9-5517,5,55000000,1.83E+04,Inoculum,cnt,2,50,
Glyc,FSL R9-5271,5,186000000,6.20E+04,Inoculum,cnt,2,50,
Glyc,FSL R9-5516,5,29000000,9.67E+03,Inoculum,cnt,2,50,
Glyc,FSL R9-4077,5,73000000,2.43E+04,Inoculum,cnt,2,50,
Glyc,FSL R9-5515,0,2470,4.12E+04,0,cnt,2,50,
Glyc,FSL R9-5258,1,12400,2.07E+05,0,cnt,2,50,
Glyc,FSL R9-5517,0,280,4.67E+03,0,cnt,2,50,
Glyc,FSL R9-5271,0,2820,4.70E+04,0,cnt,2,50,
Glyc,FSL R9-5516,0,180,3.00E+03,0,cnt,2,50,
Glyc,FSL R9-4077,0,2120,3.53E+04,0,cnt,2,50,
Glyc,APC,0,120,2.00E+03,0,cnt,2,50,
Glyc,MacConkey,0,0,0.00E+00,0,cnt,2,50,
Glyc,FSL R9-5515,0,1510,2.52E+04,1,cnt,2,50,
Glyc,FSL R9-5258,1,10000,1.67E+05,1,cnt,2,50,
Glyc,FSL R9-5517,0,490,8.17E+03,1,cnt,2,50,
Glyc,FSL R9-5271,0,1560,2.60E+04,1,cnt,2,50,
Glyc,FSL R9-5516,0,120,2.00E+03,1,cnt,2,50,
Glyc,FSL R9-4077,1,2500,4.17E+04,1,cnt,2,50,
Glyc,APC,1,16000,2.67E+05,1,cnt,2,50,
Glyc,MacConkey,0,0,0.00E+00,1,cnt,2,50,
Glyc,FSL R9-5515,0,230,3.83E+03,3,cnt,2,50,
Glyc,FSL R9-5258,0,6190,1.03E+05,3,cnt,2,50,
Glyc,FSL R9-5517,0,30,5.00E+02,3,cnt,2,50,
Glyc,FSL R9-5271,0,1330,2.22E+04,3,cnt,2,50,
Glyc,FSL R9-5516,0,100,1.67E+03,3,cnt,2,50,
Glyc,FSL R9-4077,1,4800,8.00E+04,3,cnt,2,50,
Glyc,APC,1,24200,4.03E+05,3,cnt,2,50,
Glyc,MacConkey,0,0,0.00E+00,3,cnt,2,50,
Glyc,FSL R9-5515,0,710,1.18E+04,4,cnt,2,50,
Glyc,FSL R9-5258,0,2530,4.22E+04,4,cnt,2,50,
Glyc,FSL R9-5517,0,670,1.12E+04,4,cnt,2,50,
Glyc,FSL R9-5271,0,340,5.67E+03,4,cnt,2,50,
Glyc,FSL R9-5516,0,190,3.17E+03,4,cnt,2,50,
Glyc,FSL R9-4077,0,1770,2.95E+04,4,cnt,2,50,
Glyc,APC,1,39400,6.57E+05,4,cnt,2,50,
Glyc,MacConkey,0,0,0.00E+00,4,cnt,2,50,
Glyc,FSL R9-5515,0,1040,1.73E+04,7,cnt,2,50,
Glyc,FSL R9-5258,1,1400,2.33E+04,7,cnt,2,50,
Glyc,FSL R9-5517,1,2800,4.67E+04,7,cnt,2,50,
Glyc,FSL R9-5271,1,400,6.67E+03,7,cnt,2,50,
Glyc,FSL R9-5516,1,100,1.67E+03,7,cnt,2,50,
Glyc,FSL R9-4077,1,400,6.67E+03,7,cnt,2,50,
Glyc,APC,1,21600,3.60E+05,7,cnt,2,50,
Glyc,MacConkey,0,0,0.00E+00,7,cnt,2,50,
Glyc,FSL R9-5515,5,840000000,2.80E+05,Inoculum,cnt,3,50,
Glyc,FSL R9-5258,6,830000000,2.77E+05,Inoculum,cnt,3,50,
Glyc,FSL R9-5517,5,349000000,1.16E+05,Inoculum,cnt,3,50,
Glyc,FSL R9-5271,5,420000000,1.40E+05,Inoculum,cnt,3,50,
Glyc,FSL R9-5516,5,156000000,5.20E+04,Inoculum,cnt,3,50,
Glyc,FSL R9-4077,5,69000000,2.30E+04,Inoculum,cnt,3,50,
Glyc,FSL R9-5515,0,2370,3.95E+04,0,cnt,3,50,
Glyc,FSL R9-5258,1,6900,1.15E+05,0,cnt,3,50,
Glyc,FSL R9-5517,1,4900,8.17E+04,0,cnt,3,50,
Glyc,FSL R9-5271,1,5700,9.50E+04,0,cnt,3,50,
Glyc,FSL R9-5516,1,16900,2.82E+05,0,cnt,3,50,
Glyc,FSL R9-4077,1,4500,7.50E+04,0,cnt,3,50,
Glyc,APC,1,6000,1.00E+05,0,cnt,3,50,
Glyc,MacConkey,0,0,0.00E+00,0,cnt,3,50,
Glyc,FSL R9-5515,1,7600,1.27E+05,1,cnt,3,50,
Glyc,FSL R9-5258,1,6000,1.00E+05,1,cnt,3,50,
Glyc,FSL R9-5517,1,3900,6.50E+04,1,cnt,3,50,
Glyc,FSL R9-5271,1,38900,6.48E+05,1,cnt,3,50,
Glyc,FSL R9-5516,0,2760,4.60E+04,1,cnt,3,50,
Glyc,FSL R9-4077,1,5700,9.50E+04,1,cnt,3,50,
Glyc,APC,1,35300,5.88E+05,1,cnt,3,50,
Glyc,MacConkey,0,0,0.00E+00,1,cnt,3,50,
Glyc,FSL R9-5515,0,110,1.83E+03,3,cnt,3,50,
Glyc,FSL R9-5258,1,18600,3.10E+05,3,cnt,3,50,
Glyc,FSL R9-5517,0,3470,5.78E+04,3,cnt,3,50,
Glyc,FSL R9-5271,0,1840,3.07E+04,3,cnt,3,50,
Glyc,FSL R9-5516,0,160,2.67E+03,3,cnt,3,50,
Glyc,FSL R9-4077,1,7200,1.20E+05,3,cnt,3,50,
Glyc,APC,2,1090000,1.82E+07,3,cnt,3,50,
Glyc,MacConkey,0,0,0.00E+00,3,cnt,3,50,
Glyc,FSL R9-5515,0,909,1.52E+04,4,cnt,3,50,
Glyc,FSL R9-5258,0,8550,1.43E+05,4,cnt,3,50,
Glyc,FSL R9-5517,0,2240,3.73E+04,4,cnt,3,50,
Glyc,FSL R9-5271,0,3390,5.65E+04,4,cnt,3,50,
Glyc,FSL R9-5516,0,969,1.62E+04,4,cnt,3,50,
Glyc,FSL R9-4077,0,9060,1.51E+05,4,cnt,3,50,
Glyc,APC,1,26700,4.45E+05,4,cnt,3,50,
Glyc,MacConkey,0,0,0.00E+00,4,cnt,3,50,
Glyc,FSL R9-5515,0,210,3.50E+02,7,cnt,3,100,1mL
Glyc,FSL R9-5258,0,975,1.63E+03,7,cnt,3,100,1mL
Glyc,FSL R9-5517,0,415,6.92E+02,7,cnt,3,100,1mL
Glyc,FSL R9-5271,0,640,1.07E+03,7,cnt,3,100,1mL
Glyc,FSL R9-5516,0,665,1.11E+03,7,cnt,3,100,1mL
Glyc,FSL R9-4077,0,1250,2.08E+03,7,cnt,3,100,1mL
Glyc,APC,2,5600,9.33E+04,7,cnt,3,100,
Glyc,MacConkey,0,0,0.00E+00,7,cnt,3,100,
M9,FSL R9-5515,6,1390000000,4.63E+05,Inoculum,cnt,1,50,
M9,FSL R9-5258,6,740000000,2.47E+05,Inoculum,cnt,1,50,
M9,FSL R9-5517,6,1410000000,4.70E+05,Inoculum,cnt,1,50,
M9,FSL R9-5271,5,375000000,1.25E+05,Inoculum,cnt,1,50,
M9,FSL R9-5516,6,1590000000,5.30E+05,Inoculum,cnt,1,50,
M9,FSL R9-4077,6,1430000000,4.77E+05,Inoculum,cnt,1,50,
M9,FSL R9-5515,1,19800,3.30E+05,0,cnt,1,50,
M9,FSL R9-5258,1,15100,2.52E+05,0,cnt,1,50,
M9,FSL R9-5517,1,11000,1.83E+05,0,cnt,1,50,
M9,FSL R9-5271,1,8500,1.42E+05,0,cnt,1,50,
M9,FSL R9-5516,1,12200,2.03E+05,0,cnt,1,50,
M9,FSL R9-4077,1,21200,3.53E+05,0,cnt,1,50,
M9,APC,0,410,6.83E+03,0,cnt,1,50,
M9,MacConkey,0,0,0.00E+00,0,cnt,1,50,
M9,FSL R9-5515,1,7560,1.26E+05,1,cnt,1,50,spread
M9,FSL R9-5258,1,735,1.23E+04,1,cnt,1,50,spread
M9,FSL R9-5517,1,8320,1.39E+05,1,cnt,1,50,spread
M9,FSL R9-5271,1,1680,2.80E+04,1,cnt,1,50,spread
M9,FSL R9-5516,1,1790,2.98E+04,1,cnt,1,50,spread
M9,FSL R9-4077,1,4310,7.18E+04,1,cnt,1,50,spread
M9,APC,1,54100,9.02E+05,1,cnt,1,50,
M9,MacConkey,0,0,0.00E+00,1,cnt,1,50,
M9,FSL R9-5515,0,740,1.23E+04,3,cnt,1,50,
M9,FSL R9-5258,0,1020,1.70E+04,3,cnt,1,50,
M9,FSL R9-5517,1,5400,9.00E+04,3,cnt,1,50,
M9,FSL R9-5271,1,4000,6.67E+04,3,cnt,1,50,
M9,FSL R9-5516,0,1740,2.90E+04,3,cnt,1,50,
M9,FSL R9-4077,1,10900,1.82E+05,3,cnt,1,50,
M9,APC,1,22000,3.67E+05,3,cnt,1,50,
M9,MacConkey,0,0,0.00E+00,3,cnt,1,50,
M9,FSL R9-5515,0,2840,4.73E+04,4,cnt,1,50,
M9,FSL R9-5258,0,250,4.17E+03,4,cnt,1,50,
M9,FSL R9-5517,0,1890,3.15E+04,4,cnt,1,50,
M9,FSL R9-5271,0,5580,9.30E+04,4,cnt,1,50,
M9,FSL R9-5516,0,1140,1.90E+04,4,cnt,1,50,
M9,FSL R9-4077,0,1960,3.27E+04,4,cnt,1,50,
M9,APC,1,179000,2.98E+06,4,cnt,1,50,
M9,MacConkey,0,0,0.00E+00,4,cnt,1,50,
M9,FSL R9-5515,0,3590,5.98E+04,7,cnt,1,50,
M9,FSL R9-5258,0,1230,2.05E+04,7,cnt,1,50,
M9,FSL R9-5517,0,1130,1.88E+04,7,cnt,1,50,
M9,FSL R9-5271,0,2300,3.83E+04,7,cnt,1,50,
M9,FSL R9-5516,0,2510,4.18E+04,7,cnt,1,50,
M9,FSL R9-4077,0,4660,7.77E+04,7,cnt,1,50,
M9,APC,2,489000,8.15E+06,7,cnt,1,50,
M9,MacConkey,0,0,0.00E+00,7,cnt,1,50,checked
M9,FSL R9-5515,6,1370000000,4.57E+05,Inoculum,cnt,2,50,
M9,FSL R9-5258,6,630000000,2.10E+05,Inoculum,cnt,2,50,
M9,FSL R9-5517,6,1270000000,4.23E+05,Inoculum,cnt,2,50,
M9,FSL R9-5271,6,290000000,9.67E+04,Inoculum,cnt,2,50,
M9,FSL R9-5516,6,1470000000,4.90E+05,Inoculum,cnt,2,50,
M9,FSL R9-4077,5,1050000000,3.50E+05,Inoculum,cnt,2,50,
M9,FSL R9-5515,1,7600,1.27E+05,0,cnt,2,50,
M9,FSL R9-5258,1,12400,2.07E+05,0,cnt,2,50,
M9,FSL R9-5517,1,9290,1.55E+05,0,cnt,2,50,
M9,FSL R9-5271,1,5600,9.33E+04,0,cnt,2,50,
M9,FSL R9-5516,1,23700,3.95E+05,0,cnt,2,50,
M9,FSL R9-4077,1,17400,2.90E+05,0,cnt,2,50,
M9,APC,0,970,1.62E+04,0,cnt,2,50,
M9,MacConkey,0,0,0.00E+00,0,cnt,2,50,
M9,FSL R9-5515,1,11100,1.85E+05,1,cnt,2,50,
M9,FSL R9-5258,0,2460,4.10E+04,1,cnt,2,50,
M9,FSL R9-5517,1,6100,1.02E+05,1,cnt,2,50,
M9,FSL R9-5271,0,2480,4.13E+04,1,cnt,2,50,
M9,FSL R9-5516,1,17600,2.93E+05,1,cnt,2,50,
M9,FSL R9-4077,0,13700,2.28E+05,1,cnt,2,50,
M9,APC,0,440,7.33E+03,1,cnt,2,50,
M9,MacConkey,0,0,0.00E+00,1,cnt,2,50,
M9,FSL R9-5515,0,1220,2.03E+04,3,cnt,2,50,
M9,FSL R9-5258,0,2330,3.88E+04,3,cnt,2,50,
M9,FSL R9-5517,1,6000,1.00E+05,3,cnt,2,50,
M9,FSL R9-5271,0,1860,3.10E+04,3,cnt,2,50,
M9,FSL R9-5516,1,9090,1.52E+05,3,cnt,2,50,
M9,FSL R9-4077,1,14900,2.48E+05,3,cnt,2,50,
M9,APC,1,13900,2.32E+05,3,cnt,2,50,
M9,MacConkey,0,0,0.00E+00,3,cnt,2,50,checked
M9,FSL R9-5515,1,24200,4.03E+05,4,cnt,2,50,
M9,FSL R9-5258,0,3080,5.13E+04,4,cnt,2,50,
M9,FSL R9-5517,0,3560,5.93E+04,4,cnt,2,50,
M9,FSL R9-5271,1,10800,1.80E+05,4,cnt,2,50,
M9,FSL R9-5516,0,1640,2.73E+04,4,cnt,2,50,
M9,FSL R9-4077,1,10400,1.73E+05,4,cnt,2,50,
M9,APC,1,31200,5.20E+05,4,cnt,2,50,
M9,MacConkey,0,0,0.00E+00,4,cnt,2,50,
M9,FSL R9-5515,0,2160,3.60E+04,7,cnt,2,50,
M9,FSL R9-5258,0,2690,4.48E+04,7,cnt,2,50,
M9,FSL R9-5517,0,2430,4.05E+04,7,cnt,2,50,
M9,FSL R9-5271,0,1330,2.22E+04,7,cnt,2,50,
M9,FSL R9-5516,0,3240,5.40E+04,7,cnt,2,50,
M9,FSL R9-4077,0,4990,8.32E+04,7,cnt,2,50,
M9,APC,1,43900,7.32E+05,7,cnt,2,50,
M9,MacConkey,0,0,0.00E+00,7,cnt,2,50,
M9,FSL R9-5515,6,1190000000,3.97E+05,Inoculum,cnt,3,50,
M9,FSL R9-5258,6,740000000,2.47E+05,Inoculum,cnt,3,50,
M9,FSL R9-5517,6,1020000000,3.40E+05,Inoculum,cnt,3,50,
M9,FSL R9-5271,6,390000000,1.30E+05,Inoculum,cnt,3,50,
M9,FSL R9-5516,6,1290000000,4.30E+05,Inoculum,cnt,3,50,
M9,FSL R9-4077,6,1250000000,4.17E+05,Inoculum,cnt,3,50,
M9,FSL R9-5515,1,24700,4.12E+05,0,cnt,3,50,
M9,FSL R9-5258,1,10300,1.72E+05,0,cnt,3,50,
M9,FSL R9-5517,1,10500,1.75E+05,0,cnt,3,50,
M9,FSL R9-5271,1,5500,9.17E+04,0,cnt,3,50,
M9,FSL R9-5516,1,19300,3.22E+05,0,cnt,3,50,
M9,FSL R9-4077,1,15800,2.63E+05,0,cnt,3,50,
M9,APC,0,460,7.67E+03,0,cnt,3,50,
M9,MacConkey,0,0,0.00E+00,0,cnt,3,50,checked
M9,FSL R9-5515,1,14500,2.42E+05,1,cnt,3,50,
M9,FSL R9-5258,0,4760,7.93E+04,1,cnt,3,50,
M9,FSL R9-5517,1,11500,1.92E+05,1,cnt,3,50,
M9,FSL R9-5271,0,5930,9.88E+04,1,cnt,3,50,
M9,FSL R9-5516,1,10200,1.70E+05,1,cnt,3,50,
M9,FSL R9-4077,1,7600,1.27E+05,1,cnt,3,50,
M9,APC,0,200,3.33E+03,1,cnt,3,50,
M9,MacConkey,0,0,0.00E+00,1,cnt,3,50,
M9,FSL R9-5515,1,7000,1.17E+05,3,cnt,3,50,
M9,FSL R9-5258,0,1440,2.40E+04,3,cnt,3,50,
M9,FSL R9-5517,1,7300,1.22E+05,3,cnt,3,50,
M9,FSL R9-5271,1,6200,1.03E+05,3,cnt,3,50,
M9,FSL R9-5516,1,8990,1.50E+05,3,cnt,3,50,
M9,FSL R9-4077,1,6700,1.12E+05,3,cnt,3,50,
M9,APC,1,12500,2.08E+05,3,cnt,3,50,
M9,MacConkey,0,0,0.00E+00,3,cnt,3,50,
M9,FSL R9-5515,1,8800,1.47E+05,4,cnt,3,50,
M9,FSL R9-5258,0,3720,6.20E+04,4,cnt,3,50,
M9,FSL R9-5517,1,6500,1.08E+05,4,cnt,3,50,
M9,FSL R9-5271,1,1730,2.88E+04,4,cnt,3,50,
M9,FSL R9-5516,1,8200,1.37E+05,4,cnt,3,50,
M9,FSL R9-4077,1,3700,6.17E+04,4,cnt,3,50,
M9,APC,1,29400,4.90E+05,4,cnt,3,50,
M9,MacConkey,0,0,0.00E+00,4,cnt,3,50,
M9,FSL R9-5515,0,1210,2.02E+04,7,cnt,3,50,
M9,FSL R9-5258,0,960,1.60E+04,7,cnt,3,50,
M9,FSL R9-5517,0,290,4.83E+03,7,cnt,3,50,
M9,FSL R9-5271,0,1840,3.07E+04,7,cnt,3,50,
M9,FSL R9-5516,0,1540,2.57E+04,7,cnt,3,50,
M9,FSL R9-4077,0,3280,5.47E+04,7,cnt,3,50,
M9,APC,1,15200,2.53E+05,7,cnt,3,50,
M9,MacConkey,0,0,0.00E+00,7,cnt,3,50,
Midlog,FSL R9-5515,5,195000000,6.50E+04,Inoculum,cnt,1,50,
Midlog,FSL R9-5258,5,152000000,5.07E+04,Inoculum,cnt,1,50,
Midlog,FSL R9-5517,5,172000000,5.73E+04,Inoculum,cnt,1,50,
Midlog,FSL R9-5271,5,182000000,6.07E+04,Inoculum,cnt,1,50,
Midlog,FSL R9-5516,5,139000000,4.63E+04,Inoculum,cnt,1,50,
Midlog,FSL R9-4077,5,197000000,6.57E+04,Inoculum,cnt,1,50,
Midlog,FSL R9-5515,0,40,6.67E+02,0,cnt,1,50,
Midlog,FSL R9-5258,0,2210,3.68E+04,0,cnt,1,50,
Midlog,FSL R9-5517,0,1440,2.40E+04,0,cnt,1,50,
Midlog,FSL R9-5271,0,3270,5.45E+04,0,cnt,1,50,
Midlog,FSL R9-5516,0,2400,4.00E+04,0,cnt,1,50,
Midlog,FSL R9-4077,0,1120,1.87E+04,0,cnt,1,50,
Midlog,APC,0,1280,2.13E+04,0,cnt,1,50,
Midlog,MacConkey,0,0,0.00E+00,0,cnt,1,50,
Midlog,FSL R9-5515,0,220,3.67E+03,1,cnt,1,50,
Midlog,FSL R9-5258,0,390,6.50E+03,1,cnt,1,50,
Midlog,FSL R9-5517,0,1590,2.65E+04,1,cnt,1,50,
Midlog,FSL R9-5271,0,3760,6.27E+04,1,cnt,1,50,
Midlog,FSL R9-5516,0,620,1.03E+04,1,cnt,1,50,
Midlog,FSL R9-4077,0,2010,3.35E+04,1,cnt,1,50,
Midlog,APC,0,630,1.05E+04,1,cnt,1,50,
Midlog,MacConkey,0,0,0.00E+00,1,cnt,1,50,
Midlog,FSL R9-5515,0,20,3.33E+02,3,cnt,1,50,
Midlog,FSL R9-5258,0,40,6.67E+02,3,cnt,1,50,
Midlog,FSL R9-5517,0,3660,6.10E+04,3,cnt,1,50,
Midlog,FSL R9-5271,0,1930,3.22E+04,3,cnt,1,50,
Midlog,FSL R9-5516,0,2010,3.35E+04,3,cnt,1,50,
Midlog,FSL R9-4077,0,190,3.17E+03,3,cnt,1,50,
Midlog,APC,1,14400,2.40E+05,3,cnt,1,50,
Midlog,MacConkey,0,0,0.00E+00,3,cnt,1,50,
Midlog,FSL R9-5515,0,10,1.67E+02,4,cnt,1,50,
Midlog,FSL R9-5258,0,3680,6.13E+04,4,cnt,1,50,
Midlog,FSL R9-5517,0,1480,2.47E+04,4,cnt,1,50,
Midlog,FSL R9-5271,0,1660,2.77E+04,4,cnt,1,50,
Midlog,FSL R9-5516,0,1760,2.93E+04,4,cnt,1,50,
Midlog,FSL R9-4077,0,2930,4.88E+04,4,cnt,1,50,
Midlog,APC,1,222000,3.70E+06,4,cnt,1,50,checked
Midlog,MacConkey,0,0,0.00E+00,4,cnt,1,50,
Midlog,FSL R9-5515,0,0,0.00E+00,7,no.growth,1,50,
Midlog,FSL R9-5258,1,10900,1.82E+05,7,cnt,1,50,
Midlog,FSL R9-5517,0,1930,3.22E+04,7,cnt,1,50,
Midlog,FSL R9-5271,0,1420,2.37E+04,7,cnt,1,50,
Midlog,FSL R9-5516,0,2010,3.35E+04,7,cnt,1,50,
Midlog,FSL R9-4077,1,1800,3.00E+04,7,cnt,1,50,
Midlog,APC,1,29900,4.98E+05,7,cnt,1,50,
Midlog,MacConkey,0,0,0.00E+00,7,cnt,1,50,checked
Midlog,FSL R9-5515,5,287000000,9.57E+04,Inoculum,cnt,2,50,
Midlog,FSL R9-5258,5,222000000,7.40E+04,Inoculum,cnt,2,50,
Midlog,FSL R9-5517,5,368000000,1.23E+05,Inoculum,cnt,2,50,
Midlog,FSL R9-5271,5,267000000,8.90E+04,Inoculum,cnt,2,50,
Midlog,FSL R9-5516,5,288000000,9.60E+04,Inoculum,cnt,2,50,
Midlog,FSL R9-4077,5,211000000,7.03E+04,Inoculum,cnt,2,50,
Midlog,FSL R9-5515,0,3990,6.65E+04,0,cnt,2,50,
Midlog,FSL R9-5258,1,6200,1.03E+05,0,cnt,2,50,
Midlog,FSL R9-5517,0,3740,6.23E+04,0,cnt,2,50,
Midlog,FSL R9-5271,0,690,1.15E+04,0,cnt,2,50,
Midlog,FSL R9-5516,1,5200,8.67E+04,0,cnt,2,50,
Midlog,FSL R9-4077,0,2540,4.23E+04,0,cnt,2,50,
Midlog,APC,0,220,3.67E+03,0,cnt,2,50,
Midlog,MacConkey,0,0,0.00E+00,0,cnt,2,50,
Midlog,FSL R9-5515,0,180,3.00E+03,1,cnt,2,50,
Midlog,FSL R9-5258,0,370,6.17E+03,1,cnt,2,50,
Midlog,FSL R9-5517,0,3130,5.22E+04,1,cnt,2,50,
Midlog,FSL R9-5271,0,2270,3.78E+04,1,cnt,2,50,
Midlog,FSL R9-5516,0,3430,5.72E+04,1,cnt,2,50,
Midlog,FSL R9-4077,0,800,1.33E+04,1,cnt,2,50,
Midlog,APC,1,16800,2.80E+05,1,cnt,2,50,checked
Midlog,MacConkey,0,0,0.00E+00,1,cnt,2,50,
Midlog,FSL R9-5515,0,10,1.67E+02,3,cnt,2,50,
Midlog,FSL R9-5258,0,3360,5.60E+04,3,cnt,2,50,
Midlog,FSL R9-5517,0,5620,9.37E+04,3,cnt,2,50,
Midlog,FSL R9-5271,0,150,2.50E+03,3,cnt,2,50,
Midlog,FSL R9-5516,0,180,3.00E+03,3,cnt,2,50,
Midlog,FSL R9-4077,0,3250,5.42E+04,3,cnt,2,50,
Midlog,APC,1,83000,1.38E+06,3,cnt,2,50,
Midlog,MacConkey,0,0,0.00E+00,3,cnt,2,50,checked
Midlog,FSL R9-5515,0,40.9,6.82E+02,4,cnt,2,50,
Midlog,FSL R9-5258,0,113,1.88E+03,4,cnt,2,50,
Midlog,FSL R9-5517,0,6950,1.16E+05,4,cnt,2,50,
Midlog,FSL R9-5271,0,112,1.87E+03,4,cnt,2,50,
Midlog,FSL R9-5516,1,13100,2.18E+05,4,cnt,2,50,
Midlog,FSL R9-4077,0,1600,2.67E+04,4,cnt,2,50,
Midlog,APC,2,167000,2.78E+06,4,cnt,2,50,
Midlog,MacConkey,0,0,0.00E+00,4,cnt,2,50,
Midlog,FSL R9-5515,0,1000,1.67E+04,7,cnt,2,50,
Midlog,FSL R9-5258,0,419,6.98E+03,7,cnt,2,50,
Midlog,FSL R9-5517,0,5890,9.82E+04,7,cnt,2,50,
Midlog,FSL R9-5271,0,3580,5.97E+04,7,cnt,2,50,
Midlog,FSL R9-5516,0,6970,1.16E+05,7,cnt,2,50,
Midlog,FSL R9-4077,0,51.1,8.52E+02,7,cnt,2,50,
Midlog,APC,1,47200,7.87E+05,7,cnt,2,50,
Midlog,MacConkey,0,0,0.00E+00,7,cnt,2,50,
Midlog,FSL R9-5515,5,132000000,4.40E+04,Inoculum,cnt,3,50,
Midlog,FSL R9-5258,5,158000000,5.27E+04,Inoculum,cnt,3,50,
Midlog,FSL R9-5517,5,176000000,5.87E+04,Inoculum,cnt,3,50,
Midlog,FSL R9-5271,5,99000000,3.30E+04,Inoculum,cnt,3,50,
Midlog,FSL R9-5516,5,126000000,4.20E+04,Inoculum,cnt,3,50,
Midlog,FSL R9-4077,5,147000000,4.90E+04,Inoculum,cnt,3,50,
Midlog,FSL R9-5515,0,70,1.17E+03,0,cnt,3,50,
Midlog,FSL R9-5258,0,320,5.33E+03,0,cnt,3,50,
Midlog,FSL R9-5517,0,80,1.33E+03,0,cnt,3,50,
Midlog,FSL R9-5271,0,20,3.33E+02,0,cnt,3,50,
Midlog,FSL R9-5516,0,760,1.27E+04,0,cnt,3,50,
Midlog,FSL R9-4077,0,1140,1.90E+04,0,cnt,3,50,
Midlog,APC,0,8090,1.35E+05,0,cnt,3,50,
Midlog,MacConkey,0,0,0.00E+00,0,cnt,3,50,checked
Midlog,FSL R9-5515,0,40,6.67E+02,1,cnt,3,100,
Midlog,FSL R9-5258,0,25,4.17E+02,1,cnt,3,100,
Midlog,FSL R9-5517,0,460,7.67E+03,1,cnt,3,100,
Midlog,FSL R9-5271,0,0,0.00E+00,1,no.growth,3,100,
Midlog,FSL R9-5516,0,110,1.83E+03,1,cnt,3,100,
Midlog,FSL R9-4077,0,5,8.33E+01,1,cnt,3,100,
Midlog,APC,0,1430,2.38E+04,1,cnt,3,100,
Midlog,MacConkey,0,0,0.00E+00,1,cnt,3,100,
Midlog,FSL R9-5515,0,50,8.33E+02,3,cnt,3,50,
Midlog,FSL R9-5258,1,2700,4.50E+04,3,cnt,3,50,
Midlog,FSL R9-5517,0,240,4.00E+03,3,cnt,3,50,
Midlog,FSL R9-5271,0,10,1.67E+02,3,cnt,3,50,
Midlog,FSL R9-5516,0,1340,2.23E+04,3,cnt,3,50,
Midlog,FSL R9-4077,0,140,2.33E+03,3,cnt,3,50,
Midlog,APC,0,690,1.15E+04,3,cnt,3,50,
Midlog,MacConkey,0,0,0.00E+00,3,cnt,3,50,
Midlog,FSL R9-5515,0,30,5.00E+02,4,cnt,3,50,
Midlog,FSL R9-5258,0,2270,3.78E+04,4,cnt,3,50,
Midlog,FSL R9-5517,0,0,0.00E+00,4,no.growth,3,50,
Midlog,FSL R9-5271,0,1260,2.10E+04,4,cnt,3,50,
Midlog,FSL R9-5516,0,70,1.17E+03,4,cnt,3,50,
Midlog,FSL R9-4077,0,0,0.00E+00,4,no.growth,3,50,
Midlog,APC,0,160,2.67E+03,4,cnt,3,50,
Midlog,MacConkey,0,0,0.00E+00,4,cnt,3,50,
Midlog,FSL R9-5515,0,90,1.50E+03,7,cnt,3,50,
Midlog,FSL R9-5258,0,140,2.33E+03,7,cnt,3,50,
Midlog,FSL R9-5517,0,340,5.67E+03,7,cnt,3,50,
Midlog,FSL R9-5271,0,0,0.00E+00,7,no.growth,3,50,
Midlog,FSL R9-5516,0,2030,3.38E+04,7,cnt,3,50,
Midlog,FSL R9-4077,0,20,3.33E+02,7,cnt,3,50,
Midlog,APC,0,3760,6.27E+04,7,cnt,3,50,
Midlog,MacConkey,0,0,0.00E+00,7,cnt,3,50,
NaCl,FSL R9-5515,5,5.52E+08,1.84E+05,Inoculum,cnt,1,50,
NaCl,FSL R9-5258,5,5.21E+08,1.74E+05,Inoculum,cnt,1,50,
NaCl,FSL R9-5517,5,5.75E+08,1.92E+05,Inoculum,cnt,1,50,
NaCl,FSL R9-5271,5,6.98E+08,2.33E+05,Inoculum,cnt,1,50,
NaCl,FSL R9-5516,5,4.70E+08,1.57E+05,Inoculum,cnt,1,50,
NaCl,FSL R9-4077,5,5.64E+08,1.88E+05,Inoculum,cnt,1,50,
NaCl,FSL R9-5515,0,3330,5.55E+04,0,cnt,1,50,
NaCl,FSL R9-5258,0,1520,2.53E+04,0,cnt,1,50,
NaCl,FSL R9-5517,0,1950,3.25E+04,0,cnt,1,50,
NaCl,FSL R9-5271,0,6790,1.13E+05,0,cnt,1,50,
NaCl,FSL R9-5516,0,4410,7.35E+04,0,cnt,1,50,
NaCl,FSL R9-4077,0,2030,3.38E+04,0,cnt,1,50,
NaCl,APC,0,450,7.50E+03,0,cnt,1,50,
NaCl,MacConkey,0,0,0.00E+00,0,cnt,1,50,
NaCl,FSL R9-5515,0,1160,1.93E+04,1,cnt,1,50,
NaCl,FSL R9-5258,0,593,9.88E+03,1,cnt,1,50,
NaCl,FSL R9-5517,0,6410,1.07E+05,1,cnt,1,50,
NaCl,FSL R9-5271,0,6720,1.12E+05,1,cnt,1,50,
NaCl,FSL R9-5516,0,12500,2.08E+05,1,cnt,1,50,
NaCl,FSL R9-4077,0,9740,1.62E+05,1,cnt,1,50,
NaCl,APC,0,532,8.87E+03,1,cnt,1,50,
NaCl,MacConkey,0,0,0.00E+00,1,cnt,1,50,
NaCl,FSL R9-5515,0,6510,1.09E+05,3,cnt,1,50,
NaCl,FSL R9-5258,0,7310,1.22E+05,3,cnt,1,50,
NaCl,FSL R9-5517,1,6700,1.12E+05,3,cnt,1,50,
NaCl,FSL R9-5271,1,7900,1.32E+05,3,cnt,1,50,
NaCl,FSL R9-5516,1,10400,1.73E+05,3,cnt,1,50,
NaCl,FSL R9-4077,1,6900,1.15E+05,3,cnt,1,50,
NaCl,APC,0,4600,7.67E+04,3,cnt,1,50,
NaCl,MacConkey,0,0,0.00E+00,3,cnt,1,50,
NaCl,FSL R9-5515,0,6890,1.15E+05,4,cnt,1,50,
NaCl,FSL R9-5258,1,23200,3.87E+05,4,cnt,1,50,
NaCl,FSL R9-5517,0,1300,2.17E+04,4,cnt,1,50,
NaCl,FSL R9-5271,1,18800,3.13E+05,4,cnt,1,50,
NaCl,FSL R9-5516,1,12400,2.07E+05,4,cnt,1,50,
NaCl,FSL R9-4077,1,22400,3.73E+05,4,cnt,1,50,
NaCl,APC,1,32200,5.37E+05,4,cnt,1,50,
NaCl,MacConkey,0,0,0.00E+00,4,cnt,1,50,
NaCl,FSL R9-5515,0,2680,4.47E+04,7,cnt,1,50,
NaCl,FSL R9-5258,0,2330,3.88E+04,7,cnt,1,50,
NaCl,FSL R9-5517,0,12200,2.03E+05,7,cnt,1,50,
NaCl,FSL R9-5271,0,4000,6.67E+04,7,cnt,1,50,
NaCl,FSL R9-5516,0,12900,2.15E+05,7,cnt,1,50,
NaCl,FSL R9-4077,0,6120,1.02E+05,7,cnt,1,50,
NaCl,APC,0,3500,5.83E+04,7,cnt,1,50,
NaCl,MacConkey,0,0,0.00E+00,7,cnt,1,50,
NaCl,FSL R9-5515,6,650000000,2.17E+05,Inoculum,cnt,2,50,
NaCl,FSL R9-5258,6,660000000,2.20E+05,Inoculum,cnt,2,50,
NaCl,FSL R9-5517,6,760000000,2.53E+05,Inoculum,cnt,2,50,
NaCl,FSL R9-5271,5,0,0.00E+00,Inoculum,no.growth,2,50,
NaCl,FSL R9-5516,6,560000000,1.87E+05,Inoculum,cnt,2,50,
NaCl,FSL R9-4077,6,680000000,2.27E+05,Inoculum,cnt,2,50,
NaCl,FSL R9-5515,0,480,8.00E+03,0,cnt,2,50,
NaCl,FSL R9-5258,0,4360,7.27E+04,0,cnt,2,50,
NaCl,FSL R9-5517,0,1060,1.77E+04,0,cnt,2,50,
NaCl,FSL R9-5271,0,940,1.57E+04,0,cnt,2,50,
NaCl,FSL R9-5516,0,4630,7.72E+04,0,cnt,2,50,
NaCl,FSL R9-4077,1,6300,1.05E+05,0,cnt,2,50,
NaCl,APC,0,950,1.58E+04,0,cnt,2,50,
NaCl,MacConkey,0,0,0.00E+00,0,cnt,2,50,
NaCl,FSL R9-5515,0,2400,4.00E+04,1,cnt,2,50,
NaCl,FSL R9-5258,1,3500,5.83E+04,1,cnt,2,50,
NaCl,FSL R9-5517,1,14500,2.42E+05,1,cnt,2,50,
NaCl,FSL R9-5271,1,16300,2.72E+05,1,cnt,2,50,
NaCl,FSL R9-5516,1,4300,7.17E+04,1,cnt,2,50,
NaCl,FSL R9-4077,1,7600,1.27E+05,1,cnt,2,50,
NaCl,APC,1,15200,2.53E+05,1,cnt,2,50,
NaCl,MacConkey,0,0,0.00E+00,1,cnt,2,50,
NaCl,FSL R9-5515,0,930,1.55E+04,3,cnt,2,50,
NaCl,FSL R9-5258,0,2950,4.92E+04,3,cnt,2,50,
NaCl,FSL R9-5517,1,7400,1.23E+05,3,cnt,2,50,
NaCl,FSL R9-5271,1,5500,9.17E+04,3,cnt,2,50,
NaCl,FSL R9-5516,1,16400,2.73E+05,3,cnt,2,50,
NaCl,FSL R9-4077,0,2290,3.82E+04,3,cnt,2,50,
NaCl,APC,1,10600,1.77E+05,3,cnt,2,50,
NaCl,MacConkey,0,0,0.00E+00,3,cnt,2,50,
NaCl,FSL R9-5515,0,1170,1.95E+04,4,cnt,2,50,
NaCl,FSL R9-5258,1,5900,9.83E+04,4,cnt,2,50,
NaCl,FSL R9-5517,0,2900,4.83E+04,4,cnt,2,50,
NaCl,FSL R9-5271,0,3850,6.42E+04,4,cnt,2,50,
NaCl,FSL R9-5516,1,8300,1.38E+05,4,cnt,2,50,
NaCl,FSL R9-4077,1,4100,6.83E+04,4,cnt,2,50,
NaCl,APC,1,29600,4.93E+05,4,cnt,2,50,
NaCl,MacConkey,0,0,0.00E+00,4,cnt,2,50,
NaCl,FSL R9-5515,0,2100,3.50E+04,7,cnt,2,50,
NaCl,FSL R9-5258,0,1780,2.97E+04,7,cnt,2,50,
NaCl,FSL R9-5517,0,1120,1.87E+04,7,cnt,2,50,
NaCl,FSL R9-5271,1,5400,9.00E+04,7,cnt,2,50,
NaCl,FSL R9-5516,0,1710,2.85E+04,7,cnt,2,50,
NaCl,FSL R9-4077,0,3230,5.38E+04,7,cnt,2,50,
NaCl,APC,1,25500,4.25E+05,7,cnt,2,50,
NaCl,MacConkey,0,0,0.00E+00,7,cnt,2,50,
NaCl,FSL R9-5515,6,400000000,1.33E+04,Inoculum,cnt,3,100,1mL
NaCl,FSL R9-5258,6,335000000,1.12E+04,Inoculum,cnt,3,100,1mL
NaCl,FSL R9-5517,6,280000000,9.33E+03,Inoculum,cnt,3,100,1mL
NaCl,FSL R9-5271,6,365000000,1.22E+04,Inoculum,cnt,3,100,1mL
NaCl,FSL R9-5516,6,5800000000,1.93E+05,Inoculum,cnt,3,100,1mL
NaCl,FSL R9-4077,5,0,0.00E+00,Inoculum,no.growth,3,100,1mL
NaCl,FSL R9-5515,0,1410,2.35E+03,0,cnt,3,100,1mL
NaCl,FSL R9-5258,0,2170,3.62E+03,0,cnt,3,100,1mL
NaCl,FSL R9-5517,1,2950,4.92E+03,0,cnt,3,100,1mL
NaCl,FSL R9-5271,1,4200,7.00E+03,0,cnt,3,100,1mL
NaCl,FSL R9-5516,1,3000,5.00E+03,0,cnt,3,100,1mL
NaCl,FSL R9-4077,0,1550,2.58E+03,0,cnt,3,100,1mL
NaCl,APC,0,6.5,1.08E+02,0,cnt,3,100,
NaCl,MacConkey,0,0,0.00E+00,0,cnt,3,100,
NaCl,FSL R9-5515,1,100,1.67E+02,1,cnt,3,100,1mL
NaCl,FSL R9-5258,1,2200,3.67E+03,1,cnt,3,100,1mL
NaCl,FSL R9-5517,1,1800,3.00E+03,1,cnt,3,100,1mL
NaCl,FSL R9-5271,1,1750,2.92E+03,1,cnt,3,100,1mL
NaCl,FSL R9-5516,1,1750,2.92E+03,1,cnt,3,100,1mL
NaCl,FSL R9-4077,1,4100,6.83E+03,1,cnt,3,100,1mL
NaCl,APC,1,265,4.42E+03,1,cnt,3,100,
NaCl,MacConkey,0,0,0.00E+00,1,cnt,3,100,
NaCl,FSL R9-5515,0,1500,2.50E+04,3,cnt,3,50,
NaCl,FSL R9-5258,0,11400,1.90E+05,3,cnt,3,50,
NaCl,FSL R9-5517,0,8480,1.41E+05,3,cnt,3,50,
NaCl,FSL R9-5271,0,11400,1.90E+05,3,cnt,3,50,
NaCl,FSL R9-5516,0,1030,1.72E+04,3,cnt,3,50,
NaCl,FSL R9-4077,0,4360,7.27E+04,3,cnt,3,50,
NaCl,APC,1,25800,4.30E+05,3,cnt,3,50,
NaCl,MacConkey,0,0,0.00E+00,3,cnt,3,50,
NaCl,FSL R9-5515,0,280,4.67E+03,4,cnt,3,50,
NaCl,FSL R9-5258,0,7790,1.30E+05,4,cnt,3,50,
NaCl,FSL R9-5517,0,11600,1.93E+05,4,cnt,3,50,
NaCl,FSL R9-5271,0,2560,4.27E+04,4,cnt,3,50,
NaCl,FSL R9-5516,0,3780,6.30E+04,4,cnt,3,50,
NaCl,FSL R9-4077,0,11400,1.90E+05,4,cnt,3,50,
NaCl,APC,1,23200,3.87E+05,4,cnt,3,50,
NaCl,MacConkey,0,0,0.00E+00,4,cnt,3,50,checked
NaCl,FSL R9-5515,0,650,1.08E+04,7,cnt,3,50,
NaCl,FSL R9-5258,1,2700,4.50E+04,7,cnt,3,50,
NaCl,FSL R9-5517,1,4000,6.67E+04,7,cnt,3,50,
NaCl,FSL R9-5271,1,12800,2.13E+05,7,cnt,3,50,
NaCl,FSL R9-5516,1,5800,9.67E+04,7,cnt,3,50,
NaCl,FSL R9-4077,1,3600,6.00E+04,7,cnt,3,50,
NaCl,APC,1,39500,6.58E+05,7,cnt,3,50,
NaCl,MacConkey,0,0,0.00E+00,7,cnt,3,50,
pH5,FSL R9-5515,5,105000000,3.50E+04,Inoculum,cnt,1,50,
pH5,FSL R9-5258,5,146000000,4.87E+04,Inoculum,cnt,1,50,
pH5,FSL R9-5517,5,368000000,1.23E+05,Inoculum,cnt,1,50,
pH5,FSL R9-5271,5,337000000,1.12E+05,Inoculum,cnt,1,50,
pH5,FSL R9-5516,5,300000000,1.00E+05,Inoculum,cnt,1,50,
pH5,FSL R9-4077,5,360000000,1.20E+05,Inoculum,cnt,1,50,
pH5,FSL R9-5515,0,510,8.50E+03,0,cnt,1,50,
pH5,FSL R9-5258,0,1940,3.23E+04,0,cnt,1,50,
pH5,FSL R9-5517,0,3250,5.42E+04,0,cnt,1,50,
pH5,FSL R9-5271,0,3910,6.52E+04,0,cnt,1,50,
pH5,FSL R9-5516,0,4200,7.00E+04,0,cnt,1,50,
pH5,FSL R9-4077,0,1860,3.10E+04,0,cnt,1,50,
pH5,APC,0,90,1.50E+03,0,cnt,1,50,
pH5,MacConkey,0,0,0.00E+00,0,cnt,1,50,
pH5,FSL R9-5515,0,270,4.50E+03,1,cnt,1,50,
pH5,FSL R9-5258,0,1280,2.13E+04,1,cnt,1,50,
pH5,FSL R9-5517,0,1240,2.07E+04,1,cnt,1,50,
pH5,FSL R9-5271,0,2560,4.27E+04,1,cnt,1,50,
pH5,FSL R9-5516,0,266,4.43E+03,1,cnt,1,50,
pH5,FSL R9-4077,0,1640,2.73E+04,1,cnt,1,50,
pH5,APC,0,1020,1.70E+04,1,cnt,1,50,
pH5,MacConkey,0,0,0.00E+00,1,cnt,1,50,checked
pH5,FSL R9-5515,0,830,1.38E+04,3,cnt,1,100,
pH5,FSL R9-5258,0,660,1.10E+04,3,cnt,1,50,
pH5,FSL R9-5517,1,9400,1.57E+05,3,cnt,1,50,
pH5,FSL R9-5271,1,5500,9.17E+04,3,cnt,1,50,
pH5,FSL R9-5516,1,6400,1.07E+05,3,cnt,1,50,
pH5,FSL R9-4077,0,3340,5.57E+04,3,cnt,1,50,
pH5,APC,0,7300,1.22E+05,3,cnt,1,50,
pH5,MacConkey,0,0,0.00E+00,3,cnt,1,50,
pH5,FSL R9-5515,1,8000,1.33E+05,4,cnt,1,100,
pH5,FSL R9-5258,1,4400,7.33E+04,4,cnt,1,50,
pH5,FSL R9-5517,0,949,1.58E+04,4,cnt,1,50,
pH5,FSL R9-5271,0,1170,1.95E+04,4,cnt,1,50,
pH5,FSL R9-5516,0,3540,5.90E+04,4,cnt,1,50,
pH5,FSL R9-4077,0,310,5.17E+03,4,cnt,1,50,
pH5,APC,1,129000,2.15E+06,4,cnt,1,50,
pH5,MacConkey,0,0,0.00E+00,4,cnt,1,50,
pH5,FSL R9-5515,1,6500,1.08E+05,7,cnt,1,100,
pH5,FSL R9-5258,0,2500,4.17E+04,7,cnt,1,50,
pH5,FSL R9-5517,0,980,1.63E+04,7,cnt,1,50,
pH5,FSL R9-5271,0,890,1.48E+04,7,cnt,1,50,
pH5,FSL R9-5516,1,4200,7.00E+04,7,cnt,1,50,
pH5,FSL R9-4077,0,70,1.17E+03,7,cnt,1,50,
pH5,APC,1,58900,9.82E+05,7,cnt,1,50,
pH5,MacConkey,0,0,0.00E+00,7,cnt,1,50,
pH5,FSL R9-5515,5,81000000,2.70E+04,Inoculum,cnt,2,50,
pH5,FSL R9-5258,5,242000000,8.07E+04,Inoculum,cnt,2,50,
pH5,FSL R9-5517,5,314000000,1.05E+05,Inoculum,cnt,2,50,
pH5,FSL R9-5271,5,286000000,9.53E+04,Inoculum,cnt,2,50,
pH5,FSL R9-5516,5,195000000,6.50E+04,Inoculum,cnt,2,50,
pH5,FSL R9-4077,5,270000000,9.00E+04,Inoculum,cnt,2,50,
pH5,FSL R9-5515,0,140,2.33E+03,0,cnt,2,50,
pH5,FSL R9-5258,0,3920,6.53E+04,0,cnt,2,50,
pH5,FSL R9-5517,0,2350,3.92E+04,0,cnt,2,50,
pH5,FSL R9-5271,0,3060,5.10E+04,0,cnt,2,50,
pH5,FSL R9-5516,0,2990,4.98E+04,0,cnt,2,50,
pH5,FSL R9-4077,0,2180,3.63E+04,0,cnt,2,50,
pH5,APC,0,1980,3.30E+04,0,cnt,2,50,
pH5,MacConkey,0,0,0.00E+00,0,cnt,2,50,
pH5,FSL R9-5515,0,95,1.58E+03,1,cnt,2,50,
pH5,FSL R9-5258,0,830,1.38E+04,1,cnt,2,50,
pH5,FSL R9-5517,0,590,9.83E+03,1,cnt,2,50,
pH5,FSL R9-5271,0,640,1.07E+04,1,cnt,2,50,
pH5,FSL R9-5516,0,3520,5.87E+04,1,cnt,2,50,
pH5,FSL R9-4077,0,1390,2.32E+04,1,cnt,2,50,
pH5,APC,1,58800,9.80E+05,1,cnt,2,50,
pH5,MacConkey,0,0,0.00E+00,1,cnt,2,50,
pH5,FSL R9-5515,0,40,6.67E+02,3,cnt,2,50,
pH5,FSL R9-5258,0,920,1.53E+04,3,cnt,2,50,
pH5,FSL R9-5517,0,590,9.83E+03,3,cnt,2,50,
pH5,FSL R9-5271,0,150,2.50E+03,3,cnt,2,50,
pH5,FSL R9-5516,1,3700,6.17E+04,3,cnt,2,50,
pH5,FSL R9-4077,0,420,7.00E+03,3,cnt,2,50,
pH5,APC,1,514000,8.57E+06,3,cnt,2,50,
pH5,MacConkey,0,0,0.00E+00,3,cnt,2,50,
pH5,FSL R9-5515,0,310,5.17E+03,4,cnt,2,50,
pH5,FSL R9-5258,0,750,1.25E+04,4,cnt,2,50,
pH5,FSL R9-5517,0,420,7.00E+03,4,cnt,2,50,
pH5,FSL R9-5271,1,2200,3.67E+04,4,cnt,2,50,
pH5,FSL R9-5516,1,1300,2.17E+04,4,cnt,2,50,
pH5,FSL R9-4077,0,1580,2.63E+04,4,cnt,2,50,
pH5,APC,2,270000,4.50E+06,4,cnt,2,50,
pH5,MacConkey,0,0,0.00E+00,4,cnt,2,50,
pH5,FSL R9-5515,0,730,1.22E+04,7,cnt,2,50,
pH5,FSL R9-5258,0,3490,5.82E+04,7,cnt,2,50,
pH5,FSL R9-5517,0,30,5.00E+02,7,cnt,2,50,
pH5,FSL R9-5271,0,5090,8.48E+04,7,cnt,2,50,
pH5,FSL R9-5516,0,5380,8.97E+04,7,cnt,2,50,
pH5,FSL R9-4077,0,210,3.50E+03,7,cnt,2,50,
pH5,APC,2,309000,5.15E+06,7,cnt,2,50,checked
pH5,MacConkey,0,0,0.00E+00,7,cnt,2,50,
pH5,FSL R9-5515,5,71000000,2.37E+04,Inoculum,cnt,3,50,
pH5,FSL R9-5258,5,267000000,8.90E+04,Inoculum,cnt,3,50,
pH5,FSL R9-5517,5,321000000,1.07E+05,Inoculum,cnt,3,50,
pH5,FSL R9-5271,5,275000000,9.17E+04,Inoculum,cnt,3,50,
pH5,FSL R9-5516,5,161000000,5.37E+04,Inoculum,cnt,3,50,
pH5,FSL R9-4077,5,207000000,6.90E+04,Inoculum,cnt,3,50,
pH5,FSL R9-5515,0,780,1.30E+04,0,cnt,3,50,
pH5,FSL R9-5258,0,3130,5.22E+04,0,cnt,3,50,
pH5,FSL R9-5517,0,2900,4.83E+04,0,cnt,3,50,
pH5,FSL R9-5271,0,2890,4.82E+04,0,cnt,3,50,
pH5,FSL R9-5516,0,2430,4.05E+04,0,cnt,3,50,
pH5,FSL R9-4077,0,2600,4.33E+04,0,cnt,3,50,
pH5,APC,0,20,3.33E+02,0,cnt,3,50,
pH5,MacConkey,0,0,0.00E+00,0,cnt,3,50,
pH5,FSL R9-5515,0,590,9.83E+03,1,cnt,3,100,
pH5,FSL R9-5258,0,3770,6.28E+04,1,cnt,3,50,
pH5,FSL R9-5517,0,2000,3.33E+04,1,cnt,3,50,
pH5,FSL R9-5271,0,7360,1.23E+05,1,cnt,3,50,
pH5,FSL R9-5516,0,3340,5.57E+04,1,cnt,3,50,
pH5,FSL R9-4077,0,3750,6.25E+04,1,cnt,3,50,
pH5,APC,0,959,1.60E+04,1,cnt,3,50,
pH5,MacConkey,0,0,0.00E+00,1,cnt,3,50,
pH5,FSL R9-5515,0,590,9.83E+03,3,cnt,3,50,
pH5,FSL R9-5258,0,760,1.27E+04,3,cnt,3,50,
pH5,FSL R9-5517,0,2610,4.35E+04,3,cnt,3,50,
pH5,FSL R9-5271,0,3270,5.45E+04,3,cnt,3,50,
pH5,FSL R9-5516,0,3640,6.07E+04,3,cnt,3,50,
pH5,FSL R9-4077,0,1080,1.80E+04,3,cnt,3,50,
pH5,APC,0,1090,1.82E+04,3,cnt,3,50,checked
pH5,MacConkey,0,0,0.00E+00,3,cnt,3,50,
pH5,FSL R9-5515,0,270,4.50E+03,4,cnt,3,50,
pH5,FSL R9-5258,1,5900,9.83E+04,4,cnt,3,50,
pH5,FSL R9-5517,0,1110,1.85E+04,4,cnt,3,50,
pH5,FSL R9-5271,1,1500,2.50E+04,4,cnt,3,50,
pH5,FSL R9-5516,1,5800,9.67E+04,4,cnt,3,50,
pH5,FSL R9-4077,1,1700,2.83E+04,4,cnt,3,50,
pH5,APC,1,22800,3.80E+05,4,cnt,3,50,
pH5,MacConkey,0,0,0.00E+00,4,cnt,3,50,checked
pH5,FSL R9-5515,0,30,5.00E+02,7,cnt,3,50,
pH5,FSL R9-5258,0,2770,4.62E+04,7,cnt,3,50,
pH5,FSL R9-5517,0,919,1.53E+04,7,cnt,3,50,
pH5,FSL R9-5271,0,950,1.58E+04,7,cnt,3,50,
pH5,FSL R9-5516,0,1600,2.67E+04,7,cnt,3,50,
pH5,FSL R9-4077,0,2260,3.77E+04,7,cnt,3,50,
pH5,APC,1,39200,6.53E+05,7,cnt,3,50,
pH5,MacConkey,0,0,0.00E+00,7,cnt,3,50,
Stationary,FSL R9-5515,6,1100000000,3.67E+05,Inoculum,cnt,1,50,
Stationary,FSL R9-5258,6,980000000,3.27E+05,Inoculum,cnt,1,50,
Stationary,FSL R9-5517,5,915000000,3.05E+05,Inoculum,cnt,1,50,
Stationary,FSL R9-5271,6,690000000,2.30E+05,Inoculum,cnt,1,50,
Stationary,FSL R9-5516,6,1040000000,3.47E+05,Inoculum,cnt,1,50,
Stationary,FSL R9-4077,6,1100000000,3.67E+05,Inoculum,cnt,1,50,
Stationary,FSL R9-5515,1,16800,2.80E+05,0,cnt,1,50,
Stationary,FSL R9-5258,1,6300,1.05E+05,0,cnt,1,50,
Stationary,FSL R9-5517,1,13300,2.22E+05,0,cnt,1,50,
Stationary,FSL R9-5271,1,5500,9.17E+04,0,cnt,1,50,
Stationary,FSL R9-5516,1,18000,3.00E+05,0,cnt,1,50,
Stationary,FSL R9-4077,0,7080,1.18E+05,0,cnt,1,50,
Stationary,APC,0,0,0.00E+00,0,no.growth,1,50,checked
Stationary,MacConkey,0,0,0.00E+00,0,cnt,1,50,
Stationary,FSL R9-5515,1,3600,6.00E+04,1,cnt,1,50,
Stationary,FSL R9-5258,0,5230,8.72E+04,1,cnt,1,50,
Stationary,FSL R9-5517,1,7500,1.25E+05,1,cnt,1,50,
Stationary,FSL R9-5271,0,4040,6.73E+04,1,cnt,1,50,
Stationary,FSL R9-5516,1,10900,1.82E+05,1,cnt,1,50,
Stationary,FSL R9-4077,0,8090,1.35E+05,1,cnt,1,50,
Stationary,APC,0,530,8.83E+03,1,cnt,1,50,
Stationary,MacConkey,0,0,0.00E+00,1,cnt,1,50,checked
Stationary,FSL R9-5515,0,6030,1.01E+05,3,cnt,1,50,
Stationary,FSL R9-5258,0,4200,7.00E+04,3,cnt,1,50,
Stationary,FSL R9-5517,1,2400,4.00E+04,3,cnt,1,50,
Stationary,FSL R9-5271,0,810,1.35E+04,3,cnt,1,50,
Stationary,FSL R9-5516,0,4310,7.18E+04,3,cnt,1,50,
Stationary,FSL R9-4077,0,1600,2.67E+04,3,cnt,1,50,
Stationary,APC,0,90,1.50E+03,3,cnt,1,50,
Stationary,MacConkey,0,0,0.00E+00,3,cnt,1,50,
Stationary,FSL R9-5515,0,2300,3.83E+04,4,cnt,1,50,
Stationary,FSL R9-5258,0,2730,4.55E+04,4,cnt,1,50,
Stationary,FSL R9-5517,0,2790,4.65E+04,4,cnt,1,50,
Stationary,FSL R9-5271,0,1060,1.77E+04,4,cnt,1,50,
Stationary,FSL R9-5516,0,5980,9.97E+04,4,cnt,1,50,
Stationary,FSL R9-4077,0,4235,7.06E+04,4,cnt,1,50,
Stationary,APC,0,150,2.50E+03,4,cnt,1,50,
Stationary,MacConkey,0,0,0.00E+00,4,cnt,1,50,
Stationary,FSL R9-5515,0,2860,4.77E+04,7,cnt,1,50,
Stationary,FSL R9-5258,0,1290,2.15E+04,7,cnt,1,50,
Stationary,FSL R9-5517,0,5740,9.57E+04,7,cnt,1,50,
Stationary,FSL R9-5271,0,348,5.80E+03,7,cnt,1,50,
Stationary,FSL R9-5516,0,13000,2.17E+05,7,cnt,1,50,
Stationary,FSL R9-4077,0,2430,4.05E+04,7,cnt,1,50,
Stationary,APC,0,532,8.87E+03,7,cnt,1,50,
Stationary,MacConkey,0,0,0.00E+00,7,cnt,1,50,
Stationary,FSL R9-5515,5,1250000000,4.17E+05,Inoculum,cnt,2,50,
Stationary,FSL R9-5258,5,994000000,3.31E+05,Inoculum,cnt,2,50,
Stationary,FSL R9-5517,5,957000000,3.19E+05,Inoculum,cnt,2,50,
Stationary,FSL R9-5271,5,595000000,1.98E+05,Inoculum,cnt,2,50,
Stationary,FSL R9-5516,5,1030000000,3.43E+05,Inoculum,cnt,2,50,
Stationary,FSL R9-4077,5,1210000000,4.03E+05,Inoculum,cnt,2,50,
Stationary,FSL R9-5515,1,6500,1.08E+05,0,cnt,2,50,
Stationary,FSL R9-5258,0,8550,1.43E+05,0,cnt,2,50,
Stationary,FSL R9-5517,1,7100,1.18E+05,0,cnt,2,50,
Stationary,FSL R9-5271,0,6350,1.06E+05,0,cnt,2,50,
Stationary,FSL R9-5516,1,7700,1.28E+05,0,cnt,2,50,
Stationary,FSL R9-4077,0,6870,1.15E+05,0,cnt,2,50,
Stationary,APC,0,270,4.50E+03,0,cnt,2,50,
Stationary,MacConkey,0,0,0.00E+00,0,cnt,2,50,
Stationary,FSL R9-5515,0,660,1.10E+04,1,cnt,2,50,
Stationary,FSL R9-5258,0,1070,1.78E+04,1,cnt,2,50,
Stationary,FSL R9-5517,0,4040,6.73E+04,1,cnt,2,50,
Stationary,FSL R9-5271,0,1320,2.20E+04,1,cnt,2,50,
Stationary,FSL R9-5516,0,580,9.67E+03,1,cnt,2,50,
Stationary,FSL R9-4077,0,370,6.17E+03,1,cnt,2,50,
Stationary,APC,1,8700,1.45E+05,1,cnt,2,50,
Stationary,MacConkey,0,0,0.00E+00,1,cnt,2,50,
Stationary,FSL R9-5515,0,230,3.83E+03,3,cnt,2,50,
Stationary,FSL R9-5258,0,220,3.67E+03,3,cnt,2,50,
Stationary,FSL R9-5517,0,510,8.50E+03,3,cnt,2,50,
Stationary,FSL R9-5271,0,3400,5.67E+04,3,cnt,2,50,
Stationary,FSL R9-5516,0,1220,2.03E+04,3,cnt,2,50,
Stationary,FSL R9-4077,0,700,1.17E+04,3,cnt,2,50,
Stationary,APC,1,141000,2.35E+06,3,cnt,2,50,
Stationary,MacConkey,0,0,0.00E+00,3,cnt,2,50,
Stationary,FSL R9-5515,0,694,1.16E+04,4,cnt,2,50,
Stationary,FSL R9-5258,0,126,2.10E+03,4,cnt,2,50,
Stationary,FSL R9-5517,0,558,9.30E+03,4,cnt,2,50,
Stationary,FSL R9-5271,0,578,9.63E+03,4,cnt,2,50,
Stationary,FSL R9-5516,1,2940,4.90E+04,4,cnt,2,50,
Stationary,FSL R9-4077,0,568,9.47E+03,4,cnt,2,50,
Stationary,APC,0,9320,1.55E+05,4,cnt,2,50,
Stationary,MacConkey,0,0,0.00E+00,4,cnt,2,50,
Stationary,FSL R9-5515,0,780,1.30E+04,7,cnt,2,50,
Stationary,FSL R9-5258,0,450,7.50E+03,7,cnt,2,50,
Stationary,FSL R9-5517,0,420,7.00E+03,7,cnt,2,50,
Stationary,FSL R9-5271,0,130,2.17E+03,7,cnt,2,50,
Stationary,FSL R9-5516,0,1460,2.43E+04,7,cnt,2,50,
Stationary,FSL R9-4077,0,949,1.58E+04,7,cnt,2,50,
Stationary,APC,1,57600,9.60E+05,7,cnt,2,50,
Stationary,MacConkey,0,0,0.00E+00,7,cnt,2,50,
Stationary,FSL R9-5515,5,1140000000,3.80E+05,Inoculum,cnt,3,50,
Stationary,FSL R9-5258,5,876000000,2.92E+05,Inoculum,cnt,3,50,
Stationary,FSL R9-5517,5,1060000000,3.53E+05,Inoculum,cnt,3,50,
Stationary,FSL R9-5271,5,354000000,1.18E+05,Inoculum,cnt,3,50,
Stationary,FSL R9-5516,5,1050000000,3.50E+05,Inoculum,cnt,3,50,
Stationary,FSL R9-4077,5,1040000000,3.47E+05,Inoculum,cnt,3,50,
Stationary,FSL R9-5515,1,19000,3.17E+05,0,cnt,3,50,
Stationary,FSL R9-5258,1,9700,1.62E+05,0,cnt,3,50,
Stationary,FSL R9-5517,1,9100,1.52E+05,0,cnt,3,50,
Stationary,FSL R9-5271,1,9895,1.65E+05,0,cnt,3,50,
Stationary,FSL R9-5516,0,6640,1.11E+05,0,cnt,3,50,
Stationary,FSL R9-4077,1,10300,1.72E+05,0,cnt,3,50,
Stationary,APC,1,6500,1.08E+05,0,cnt,3,50,
Stationary,MacConkey,0,,0.00E+00,0,cnt,3,50,
Stationary,FSL R9-5515,0,3920,6.53E+04,1,cnt,3,50,
Stationary,FSL R9-5258,0,7890,1.32E+05,1,cnt,3,50,
Stationary,FSL R9-5517,0,9730,1.62E+05,1,cnt,3,50,
Stationary,FSL R9-5271,0,2750,4.58E+04,1,cnt,3,50,
Stationary,FSL R9-5516,0,4400,7.33E+04,1,cnt,3,50,
Stationary,FSL R9-4077,0,6190,1.03E+05,1,cnt,3,50,
Stationary,APC,0,3420,5.70E+04,1,cnt,3,50,
Stationary,MacConkey,0,0,0.00E+00,1,cnt,3,50,
Stationary,FSL R9-5515,0,1070,1.78E+04,3,cnt,3,50,
Stationary,FSL R9-5258,1,11000,1.83E+05,3,cnt,3,50,
Stationary,FSL R9-5517,0,1640,2.73E+04,3,cnt,3,50,
Stationary,FSL R9-5271,0,1450,2.42E+04,3,cnt,3,50,
Stationary,FSL R9-5516,1,8800,1.47E+05,3,cnt,3,50,
Stationary,FSL R9-4077,0,640,1.07E+04,3,cnt,3,50,
Stationary,APC,1,12000,2.00E+05,3,cnt,3,50,
Stationary,MacConkey,0,0,0.00E+00,3,cnt,3,50,
Stationary,FSL R9-5515,1,11400,1.90E+05,4,cnt,3,50,
Stationary,FSL R9-5258,1,4200,7.00E+04,4,cnt,3,50,
Stationary,FSL R9-5517,0,840,1.40E+04,4,cnt,3,50,
Stationary,FSL R9-5271,1,9300,1.55E+05,4,cnt,3,50,
Stationary,FSL R9-5516,1,900,1.50E+04,4,cnt,3,50,
Stationary,FSL R9-4077,1,18700,3.12E+05,4,cnt,3,50,
Stationary,APC,1,18200,3.03E+05,4,cnt,3,50,
Stationary,MacConkey,0,0,0.00E+00,4,cnt,3,50,
Stationary,FSL R9-5515,0,620,1.03E+04,7,cnt,3,50,
Stationary,FSL R9-5258,0,15200,2.53E+05,7,cnt,3,50,
Stationary,FSL R9-5517,0,2760,4.60E+04,7,cnt,3,50,
Stationary,FSL R9-5271,0,2430,4.05E+04,7,cnt,3,50,
Stationary,FSL R9-5516,0,1750,2.92E+04,7,cnt,3,50,
Stationary,FSL R9-4077,0,2300,3.83E+04,7,cnt,3,50,
Stationary,APC,1,109000,1.82E+06,7,cnt,3,50,
Stationary,MacConkey,0,0,0.00E+00,7,cnt,3,50,
